title,rating,ranking,director,actors,country,language,date_sortie,production,synopsis
Les Évadés,9.3,1.0,Frank Darabont,"['Tim Robbins', 'Morgan Freeman', 'Bob Gunton']",États-Unis,Anglais,1 mars 1995 (France),Castle Rock Entertainment,"Le banquier Andy Dufresne est arrêté pour avoir tué sa femme et son amant. Après une dure adaptation, il tente d'améliorer les conditions de la prison et de redonner de l'espoir à ses compagnons."
Le Parrain,"9,2",2.0,Francis Ford Coppola,"['Marlon Brando', 'Al Pacino', 'James Caan']",États-Unis,Anglais,18 octobre 1972 (France),"Forza d'Agrò, Messina, Sicily, Italie",Le patriarche vieillissant d'une dynastie de la mafia New Yorkaise passe le flambeau de son empire clandestin à son fils réticent.
The Dark Knight : Le Chevalier noir,"9,1",3.0,Christopher Nolan,"['Christian Bale', 'Heath Ledger', 'Aaron Eckhart']",États-Unis,Anglais,13 août 2008 (France),"Sociétés de production
Warner Bros.Legendary EntertainmentSyncopy","Lorsqu'une menace mieux connue sous le nom du Joker émerge de son passé mystérieux et déclenche le chaos sur la ville de Gotham, Batman doit faire face au plus grand des défis psychologique et physique afin de combattre l'injustice."
"Le Parrain, 2ᵉ partie","9,0",4.0,Francis Ford Coppola,"['Al Pacino', 'Robert De Niro', 'Robert Duvall']",États-Unis,Anglais,27 août 1975 (France),"Le Parrain, 2ème partie","La vie et la carrière de Vito Corleone dans les années 1920 à New York alors que son fils, Michael, élargit et renforce son emprise sur le syndicat du crime familial."
12 Hommes en colère,"9,0",5.0,Sidney Lumet,"['Henry Fonda', 'Lee J. Cobb', 'Martin Balsam']",États-Unis,"Lieux de tournage
New York County Courthouse - 60 Centre Street, Ville de New York, New York, États-Unis",4 septembre 1957 (France),,Un juré réfractaire tente d'empêcher une erreur judiciaire en forçant les autres membres du jury à réexaminer les preuves.
La liste de Schindler,"9,0",6.0,Steven Spielberg,"['Liam Neeson', 'Ralph Fiennes', 'Ben Kingsley']",États-Unis,Anglais,2 mars 1994 (France),Schindler's List,"Dans la Pologne occupée par les Allemands durant la Seconde Guerre mondiale, Oskar Schindler se préoccupe peu à peu de sa main-d'oeuvre juive après avoir été témoin de la persécution des Allemands nazis."
Le Seigneur des anneaux : Le Retour du roi,"9,0",7.0,Peter Jackson,"['Elijah Wood', 'Viggo Mortensen', 'Ian McKellen']",Nouvelle-Zélande,"Langues
AnglaisQuenyaVieil anglaisSindarin",17 décembre 2003 (France),The Lord of the Rings: The Return of the King,Gandalf et Aragorn mènent le monde des hommes contre l'armée de Sauron pour éloigner son regard de Frodon et Sam lorsqu'ils s'approchent du Mont Destin avec l'Anneau.
Pulp Fiction,"8,9",8.0,Quentin Tarantino,"['John Travolta', 'Uma Thurman', 'Samuel L. Jackson']",États-Unis,Anglais,26 octobre 1994 (France),"1435 Flower Street, Glendale, Californie, États-Unis","Les vies de deux hommes de main, d'un boxeur, de la femme d'un gangster et de deux braqueurs s'entremêlent dans quatre histoires de violence et de rédemption."
Le Seigneur des anneaux : La Communauté de l'anneau,"8,9",9.0,Peter Jackson,"['Elijah Wood', 'Ian McKellen', 'Orlando Bloom']",Nouvelle-Zélande,Anglais,19 décembre 2001 (France),"Sociétés de production
New Line CinemaWingNut FilmsThe Saul Zaentz Company",Un Hobbit du Comté et ses huit compagnons se mettent en route pour détruire le puissant anneau unique et sauver la Terre du Milieu du terrible Sauron.
"Le Bon, la brute, le truand","8,8",10.0,Sergio Leone,"['Clint Eastwood', 'Eli Wallach', 'Lee Van Cleef']",Italie,"Aussi connu sous le nom de
Le Bon, la brute et le truand",8 mars 1968 (France),Arturo González Producciones Cinematográficas,Une arnaque à la chasse aux primes associe deux hommes à une alliance difficile contre un troisième dans une course à la recherche d'une fortune en or enfouie dans un cimetière éloigné.
Forrest Gump,"8,8",11.0,Robert Zemeckis,"['Tom Hanks', 'Robin Wright', 'Gary Sinise']",États-Unis,"Aussi connu sous le nom de
Cuộc Đời Forrest Gump",5 octobre 1994 (France),The Steve Tisch Company,"Les présidences de Kennedy et Johnson, le Vietnam, le Watergate et d'autres histoires se déroulent à travers la perspective d'un homme d'Alabama avec un QI de 75."
Fight Club,"8,8",12.0,David Fincher,"['Brad Pitt', 'Edward Norton', 'Meat Loaf']",États-Unis,"Langue
Anglais",10 novembre 1999 (France),"Sociétés de production
Fox 2000 PicturesNew Regency ProductionsLinson Films",Un employé de bureau insomniaque et un fabriquant de savons forment un club de combat clandestin qui devient beaucoup plus que ça.
Inception,"8,8",13.0,Christopher Nolan,"['Leonardo DiCaprio', 'Joseph Gordon-Levitt', 'Elliot Page']",États-Unis,"Langues
AnglaisJaponaisFrançais",21 juillet 2010 (France),"Lieux de tournage
Fortress Mountain, Kananaskis Country, Alberta, Canada","Un voleur qui s'approprie des secrets d'entreprise à l'aide d'une technique de partage de rêves se voit contraint d'effectuer la tâche inverse : implanter une idée dans l'esprit d'un PDG, pour revoir ses enfants."
Le Seigneur des anneaux : Les Deux Tours,"8,8",14.0,Peter Jackson,"['Elijah Wood', 'Ian McKellen', 'Viggo Mortensen']",Nouvelle-Zélande,"Langues
AnglaisSindarinVieil anglais",18 décembre 2002 (France),"Lieux de tournage
Hinuera Valley, Matamata, Waikato, Nouvelle-Zélande","Tandis que Frodon et Sam se rapprochent de Mordor avec l'aide de Gollum, la communauté divisée prend position contre le nouvel allié de Sauron, Saruman, et ses hordes d'Isengard."
L'Empire contre-attaque,"8,7",15.0,Irvin Kershner,"['Mark Hamill', 'Harrison Ford', 'Carrie Fisher']",États-Unis,Anglais,20 août 1980 (France),Lucasfilm,"Après que les rebelles soient brutalement maîtrisés par l'Empire sur la planète de glace Hoth, Luke Skywalker commence son entraînement de Jedi avec Yoda, tandis que ses amis sont poursuivis par Dark Vador."
Matrix,"8,7",16.0,Lana Wachowski,"['Keanu Reeves', 'Laurence Fishburne', 'Carrie-Anne Moss']",États-Unis,"Langue
Anglais",23 juin 1999 (France),"Sociétés de production
Warner Bros.Village Roadshow PicturesGroucho Film Partnership",Un pirate informatique découvre par de mystérieux rebelles la véritable nature de sa réalité et son rôle dans la guerre contre ceux qui la contrôlent.
Les affranchis,"8,7",17.0,Martin Scorsese,"['Robert De Niro', 'Ray Liotta', 'Joe Pesci']",États-Unis,Italien,12 septembre 1990 (France),Warner Bros.,"L'histoire d'Henry Hill et de sa vie dans la mafia, couvrant ses relations avec son épouse Karen Hill et ses partenaires de la mafia Jimmy Conway et Tommy DeVito dans le syndicat du crime italo-américain."
Vol au-dessus d'un nid de coucou,"8,7",18.0,Milos Forman,"['Jack Nicholson', 'Louise Fletcher', 'Michael Berryman']",États-Unis,"Lieux de tournage
Oregon State Mental Hospital - 2600 Center Street NE, Salem, Oregon, États-Unis",1 mars 1976 (France),Voir plus de crédits d'entreprise sur IMDbPro,Un criminel plaide la folie après s'être à nouveau attiré des ennuis et une fois interné se rebelle contre l'infirmière oppressante et rallie les patients effrayés.
Seven,"8,6",19.0,David Fincher,"['Morgan Freeman', 'Brad Pitt', 'Kevin Spacey']",États-Unis,"Aussi connu sous le nom de
Se7en",31 janvier 1996 (France),Juno Pix,"Deux détectives, une recrue et un ancien combattant, chassent un tueur en série qui utilise les sept péchés capitaux comme motif pour tuer."
Les 7 Samouraïs,"8,7",20.0,Akira Kurosawa,"['Toshirô Mifune', 'Takashi Shimura', 'Keiko Tsushima']",Japon,"Lieux de tournage
Izu Peninsula, Shizuoka, Japon",30 novembre 1955 (France),,Un village pauvre qui est la cible des attaques de bandits recrute sept samouraïs sans maître pour les défendre.
La vie est belle,"8,7",21.0,Frank Capra,"['James Stewart', 'Donna Reed', 'Lionel Barrymore']",États-Unis,Français,28 juillet 1948 (France),Liberty Films (II),Un ange est envoyé sur Terre pour aider un homme d'affaires désespérément frustré et lui montrer à quoi la vie aurait ressemblé s'il n'avait jamais existé.
Le Silence des agneaux,"8,6",22.0,Jonathan Demme,"['Jodie Foster', 'Anthony Hopkins', 'Lawrence A. Bonney']",États-Unis,Latin,10 avril 1991 (France),Strong Heart/Demme Production,"Une jeune élève officier du FBI doit obtenir l'aide d'un tueur cannibale et manipulateur incarcéré afin d'aider à attraper un autre tueur en série, un fou qui retire la peau de ses victimes."
Il faut sauver le soldat Ryan,"8,6",23.0,Steven Spielberg,"['Tom Hanks', 'Matt Damon', 'Tom Sizemore']",États-Unis,Anglais,30 septembre 1998 (France),"Lieux de tournage
Curracloe Beach, Ballinesker, County Wexford, Irlande","À la suite du débarquement en Normandie, un groupe de soldats américains passe derrière les lignes ennemies pour récupérer un parachutiste dont les frères ont été tués au combat."
La Cité de Dieu,"8,6",24.0,Fernando Meirelles,"['Alexandre Rodrigues', 'Leandro Firmino', 'Matheus Nachtergaele']",Brésil,Official Facebook,12 mars 2003 (France),"Rio de Janeiro, Rio de Janeiro, Brésil","Dans les bidonvilles de Rio, les chemins de deux enfants divergent à mesure que l'un tente de devenir photographe et l'autre un baron de la drogue."
La vie est belle,"8,6",25.0,Roberto Benigni,"['Roberto Benigni', 'Nicoletta Braschi', 'Giorgio Cantarini']",Italie,Italien,21 octobre 1998 (France),"Arezzo, Tuscany, Italie","Lorsqu'un bibliothécaire juif ouvert d'esprit et son fils sont victimes de l'Holocauste, il utilise un mélange parfait de volonté, d'humour et d'imagination pour protéger son fils des dangers qui les entourent."
La ligne verte,"8,6",26.0,Frank Darabont,"['Tom Hanks', 'Michael Clarke Duncan', 'David Morse']",États-Unis,Anglais,1 mars 2000 (France),"Sociétés de production
Castle Rock EntertainmentDarkwoods ProductionsWarner Bros.","La vie des gardes du couloir de la mort est touchée par l'un de leurs détenus: a homme noir accusé de meurtre et de viol d'enfants, doté d'un pouvoir mystérieux."
La guerre des étoiles,"8,6",27.0,George Lucas,"['Mark Hamill', 'Harrison Ford', 'Carrie Fisher']",États-Unis,Anglais,19 octobre 1977 (France),Lucasfilm,"Luke Skywalker se joint à un chevalier Jedi, un pilote arrogant, un Wookiee et à deux droïdes pour sauver la galaxie de l'Empire, tout en essayant de sauver la princesse Léia du maléfique Dark Vador."
Interstellar,"8,7",28.0,Christopher Nolan,"['Matthew McConaughey', 'Anne Hathaway', 'Jessica Chastain']",États-Unis,Official site,5 novembre 2014 (France),Islande,"Dans un monde post-apocalyptique et en famine, une équipe d'explorateurs cherche une nouvelle planète habitable pour l'espèce humaine."
Terminator 2 : Le jugement dernier,"8,6",29.0,James Cameron,"['Arnold Schwarzenegger', 'Linda Hamilton', 'Edward Furlong']",États-Unis,Anglais,16 octobre 1991 (France),"Sociétés de production
Carolco PicturesPacific WesternLightstorm Entertainment","Un cyborg, identique à celui qui n'a pas réussi à tuer Sarah Connor, doit maintenant protéger son fils adolescent d'un cyborg plus avancé et plus puissant."
Retour vers le futur,"8,6",30.0,Robert Zemeckis,"['Michael J. Fox', 'Christopher Lloyd', 'Lea Thompson']",États-Unis,Anglais,30 octobre 1985 (France),Universal Pictures,"Marty McFly, un lycéen de 17 ans, est accidentellement envoyé trente ans plus tôt avec une voiture DeLorean qui voyage dans le temps, inventé par son ami le scientifique non-conformiste Doc Brown."
Le voyage de Chihiro,"8,6",31.0,Hayao Miyazaki,"['Daveigh Chase(English version)', 'Suzanne Pleshette(English version)', 'Miyu Irino(voix)']",Japon,Japonais,10 avril 2002 (France),Studio Ghibli,"Lorsque sa famille déménage en banlieue, une fillette de dix ans renfrognée découvre un monde régi par des dieux, des sorcières et des esprits où les humains sont transformés en animaux."
Psychose,"8,5",32.0,Alfred Hitchcock,"['Anthony Perkins', 'Janet Leigh', 'Vera Miles']",États-Unis,"Aussi connu sous le nom de
Psycho",2 novembre 1960 (France),Voir plus de crédits d'entreprise sur IMDbPro,"Lorsqu'une secrétaire de Phoenix détourne 40 000 dollars du client de son employeur, elle part en cavale et arrive dans un motel isolé dont le gérant est un jeune homme sous la domination de sa mère."
Léon,"8,6",33.0,Luc Besson,"['Jean Reno', 'Gary Oldman', 'Natalie Portman']",France,Français,14 septembre 1994 (France),Gaumont,"Matilda, une fillette de 12 ans, est prise à contrecoeur sous l'aile de Léon, un assassin professionnel, après le meurtre de sa famille. Léon et Matilda forment une relation peu habituelle, elle devient sa protégée et apprend le métier d'assassin."
Le pianiste,"8,6",34.0,Roman Polanski,"['Adrien Brody', 'Thomas Kretschmann', 'Frank Finlay']",France,Focus Features (United States),25 septembre 2002 (France),"Aussi connu sous le nom de
The Pianist",Un musicien juif polonais lutte pour survivre à la destruction du ghetto de Varsovie pendant la Seconde Guerre mondiale.
Parasite,"8,5",35.0,Bong Joon Ho,"['Kang-ho Song', 'Sun-kyun Lee', 'Yeo-jeong Cho']",Corée du Sud,Coréen,5 juin 2019 (France),"Sociétés de production
CJ EntertainmentBarunson E&A","Toute la famille de Ki-taek est au chômage, et s'intéresse fortement au train de vie de la richissime famille Park, jusqu'à ce qu'ils soient impliqués dans un incident inattendu."
Le Roi Lion,"8,5",36.0,Roger Allers,"['Matthew Broderick(voix)', 'Jeremy Irons(voix)', 'James Earl Jones(voix)']",États-Unis,Anglais,9 novembre 1994 (France),"Lieux de tournage
Walt Disney Studios Motion Pictures - 500 S. Buena Vista Street, Burbank, Californie, États-Unis","Un lionceau prince héritier est convaincu par son oncle perfide qu'il a causé la mort de son père. Désespéré, il s'enfuit en exil pour apprendre seulement à l'âge adulte son identité et ses responsabilités."
Gladiator,"8,5",37.0,Ridley Scott,"['Russell Crowe', 'Joaquin Phoenix', 'Connie Nielsen']",États-Unis,Official Facebook,20 juin 2000 (France),Malte,Un ancien général romain cherche à se venger de l'empereur corrompu qui a assassiné sa famille et condamné à l'esclavage.
American History X,"8,5",38.0,Tony Kaye,"['Edward Norton', 'Edward Furlong', ""Beverly D'Angelo""]",États-Unis,Anglais,3 mars 1999 (France),New Line Cinema,Un ancien skinhead néo-nazi tente d'empêcher son jeune frère de suivre la même mauvaise voie que lui.
Usual Suspects,"8,5",39.0,Bryan Singer,"['Kevin Spacey', 'Gabriel Byrne', 'Chazz Palminteri']",États-Unis,Anglais,19 juillet 1995 (France),"Lieux de tournage
San Pedro, Los Angeles, Californie, États-Unis","L'unique survivant d'un horrible combat d'armes à feu raconte les évènements sinistres, qui débutèrent lorsque cinq criminels furent rassemblés par la police pour une session d'identification à priori aléatoire."
Les infiltrés,"8,5",40.0,Martin Scorsese,"['Leonardo DiCaprio', 'Matt Damon', 'Jack Nicholson']",États-Unis,Anglais,29 novembre 2006 (France),"Sociétés de production
Warner Bros.Plan B EntertainmentInitial Entertainment Group (IEG)",Un policier en civil et un espion dans la police tentent de s'identifier en infiltrant un gang irlandais à South Boston.
Spider-Man: No Way Home,"8,7",41.0,Jon Watts,"['Tom Holland', 'Zendaya', 'Benedict Cumberbatch']",États-Unis,"Aussi connu sous le nom de
Serenity Now",15 décembre 2021 (France),Pascal Pictures,"L'identité de Spider-Man étant désormais révélée, Peter demande de l'aide au docteur Strange. Lorsqu'un sort tourne mal, des ennemis commencent à apparaître, forçant Peter à découvrir ce que signifie vraiment être Spider-Man."
Le Prestige,"8,5",42.0,Christopher Nolan,"['Christian Bale', 'Hugh Jackman', 'Scarlett Johansson']",États-Unis,The Prestige,15 novembre 2006 (France),Newmarket Films,"Après un tragique accident, deux magiciens se lancent dans un combat pour créer l'illusion ultime en sacrifiant tout ce qu'ils ont pour déjouer les tours de l'autre."
Casablanca,"8,5",43.0,Michael Curtiz,"['Humphrey Bogart', 'Ingrid Bergman', 'Paul Henreid']",États-Unis,Français,23 mai 1947 (France),"Hotel Monte Vista, Flagstaff, Arizona, États-Unis",Un propriétaire de boîte de nuit et cynique doit protéger une ancienne flamme et son mari des nazis au Maroc.
Whiplash,"8,5",44.0,Damien Chazelle,"['Miles Teller', 'J.K. Simmons', 'Melissa Benoist']",États-Unis,Anglais,24 décembre 2014 (France),Bold Films,Un jeune batteur prometteur s'inscrit dans un conservatoire de musique renommé où ses rêves de grandeur sont encadrés par un professeur qui ne recule devant rien pour réaliser le potentiel de ses étudiants.
Intouchables,"8,5",45.0,Olivier Nakache,"['François Cluzet', 'Omar Sy', 'Anne Le Ny']",France,Anglais,2 novembre 2011 (France),Quad,"Après être devenu tétraplégique à la suite d'un accident de parapente, un aristocrate engage un jeune homme des cités en tant qu'aide-soignant."
Whiplash,"8,5",44.0,Damien Chazelle,"['Miles Teller', 'J.K. Simmons', 'Melissa Benoist']",États-Unis,Anglais,24 décembre 2014 (France),Bold Films,Un jeune batteur prometteur s'inscrit dans un conservatoire de musique renommé où ses rêves de grandeur sont encadrés par un professeur qui ne recule devant rien pour réaliser le potentiel de ses étudiants.
Intouchables,"8,5",45.0,Olivier Nakache,"['François Cluzet', 'Omar Sy', 'Anne Le Ny']",France,Anglais,2 novembre 2011 (France),Quad,"Après être devenu tétraplégique à la suite d'un accident de parapente, un aristocrate engage un jeune homme des cités en tant qu'aide-soignant."
Il était une fois dans l'Ouest,"8,5",47.0,Sergio Leone,"['Henry Fonda', 'Charles Bronson', 'Claudia Cardinale']",Italie,Espagnol,27 août 1969 (France),Rafran Cinematografica,Un mystérieux inconnu possédant un harmonica s'associe à un desperado notoire pour protéger une jolie veuve d'un assassin sans scrupule travaillant pour le chemin de fer.
Le tombeau des lucioles,"8,5",49.0,Isao Takahata,"['Tsutomu Tatsumi(voix)', 'Ayano Shiraishi(voix)', 'Akemi Yamaguchi(voix)']",Japon,"Sociétés de production
Shinchosha CompanyStudio Ghibli",19 juin 1996 (France),,Un jeune garçon et sa petite soeur luttent pour survivre au Japon pendant la Seconde Guerre mondiale.
Alien - Le 8ème passager,"8,5",50.0,Ridley Scott,"['Sigourney Weaver', 'Tom Skerritt', 'John Hurt']",Royaume-Uni,"Langue
Anglais",12 septembre 1979 (France),"Société de production
Brandywine Productions","Un vaisseau spatial perçoit une transmission non-identifiée comme un signal de détresse. Lors de son atterrissage, l'un des membres de l'équipage est attaqué par une mystérieuse forme de vie, ils réalisent rapidement que son cycle de vie vient seulement de commencer."
Fenêtre sur cour,"8,5",51.0,Alfred Hitchcock,"['James Stewart', 'Grace Kelly', 'Wendell Corey']",États-Unis,"Lieux de tournage
Stage 18, Paramount Studios - 5555 Melrose Avenue, Hollywood, Los Angeles, Californie, États-Unis",14 septembre 1955 (France),,Un photographe en fauteuil roulant épie ses voisins depuis la fenêtre de son appartement et finit par être convaincu que l'un d'entre eux a commis un meurtre.
Memento,"8,5",53.0,Christopher Nolan,"['Guy Pearce', 'Carrie-Anne Moss', 'Joe Pantoliano']",États-Unis,Anglais,11 octobre 2000 (France),Newmarket Capital Group,Un homme souffrant de perte de la mémoire à court terme tente de retrouver l'assassin de sa femme.
Apocalypse Now,"8,5",54.0,Francis Ford Coppola,"['Martin Sheen', 'Marlon Brando', 'Robert Duvall']",États-Unis,Anglais,26 septembre 1979 (France),"Baler Bay, Baler, Aurora, Philippines","Pendant la guerre du Vietnam, le capitaine Willard est envoyé en mission au Cambodge pour assassiner un colonel rebelle qui s'est déclaré Dieu parmi une tribu locale."
Cinéma Paradiso,"8,5",55.0,Giuseppe Tornatore,"['Philippe Noiret', 'Enzo Cannavale', 'Antonella Attili']",Italie,"Langue
Italien",20 septembre 1989 (France),"Sociétés de production
CristaldifilmLes Films ArianeRai 3","Un cinéaste se souvient de son enfance : son immense amour pour les images au cinéma de son village natal, et sa profonde amitié avec le projectionniste."
Les Aventuriers de l'arche perdue,"8,4",56.0,Steven Spielberg,"['Harrison Ford', 'Karen Allen', 'Paul Freeman']",États-Unis,Allemand,16 septembre 1981 (France),Indiana Jones et les Aventuriers de l'arche perdue,"En 1936, l 'archéologue et aventurier Indiana Jones est engagé par le gouvernement américain pour trouver l'arche de l'alliance avant que les nazis d'Adolf Hitler ne puissent obtenir ses pouvoirs extraordinaires."
Django Unchained,"8,5",57.0,Quentin Tarantino,"['Jamie Foxx', 'Christoph Waltz', 'Leonardo DiCaprio']",États-Unis,Allemand,16 janvier 2013 (France),"Evergreen Plantation, 4677 Highway 18, Edgard, Louisiane, États-Unis","Avec l'aide d'un chasseur de primes allemand, un esclave affranchi tente de sauver sa femme du violent propriétaire d'une plantation du Mississippi."
WALL·E,"8,4",58.0,Andrew Stanton,"['Ben Burtt(voix)', 'Elissa Knight(voix)', 'Jeff Garlin(voix)']",États-Unis,Anglais,30 juillet 2008 (France),"Sociétés de production
FortyFour StudiosPixar Animation StudiosWalt Disney Pictures","Dans un avenir lointain, un petit robot collecteur de déchets entreprendra par inadvertance un voyage dans l'espace qui décidera en fin de compte du sort de l'humanité."
Boulevard du Crépuscule,"8,4",60.0,Billy Wilder,"['William Holden', 'Gloria Swanson', 'Erich von Stroheim']",États-Unis,"Lieux de tournage
10060 Sunset Blvd, Los Angeles, Californie, États-Unis",20 avril 1951 (France),,Un scénariste est engagé pour retravailler le texte d'une ancienne vedette du cinéma muet qui espère un retour triomphant avec ce rôle. De cette collaboration naquit une dangereuse relation amoureuse.
Shining,"8,4",61.0,Stanley Kubrick,"['Jack Nicholson', 'Shelley Duvall', 'Danny Lloyd']",Royaume-Uni,Anglais,16 octobre 1980 (France),Warner Bros.,"Une famille se rend dans un hôtel isolé pour l'hiver, où une présence spirituelle et maléfique incite le père à la violence, tandis que son fils télépathe fait l'expérience d'horribles visions du passé et du futur."
Les sentiers de la gloire,"8,4",62.0,Stanley Kubrick,"['Kirk Douglas', 'Ralph Meeker', 'Adolphe Menjou']",États-Unis,"Aussi connu sous le nom de
Paths of Glory",26 mars 1975 (France),Voir plus de crédits d'entreprise sur IMDbPro,"Après avoir refusé d'attaquer où l'ennemi était ammassée, un général accuse les soldats de lâcheté et leur officier commandant doit leur défendre."
Le Dictateur,"8,4",63.0,Charles Chaplin,"['Charles Chaplin', 'Paulette Goddard', 'Jack Oakie']",États-Unis,Anglais,4 avril 1945 (France),"Santa Monica Mountains, Los Angeles, Californie, États-Unis","Dans le ghetto juif vit un petit barbier qui ressemble énormément à Adenoid Hynkel, le dictateur de Tomania qui a décidé l'extermination du peuple juif. Au cours d'une rafle, le barbier est arrêté en compagnie de Schultz, un farouche adversaire d'Hynkel..."
Avengers: Infinity War,"8,5",64.0,Anthony Russo,"['Robert Downey Jr.', 'Chris Hemsworth', 'Mark Ruffalo']",États-Unis,Anglais,25 avril 2018 (France),Marvel Studios,Les Avengers et leurs alliés devront être prêts à tout sacrifier pour tenter de vaincre le redoutable Thanos avant que son attaque éclair ne conduise à la destruction complète de l'univers.
Témoin à charge,"8,4",65.0,Billy Wilder,"['Tyrone Power', 'Marlene Dietrich', 'Charles Laughton']",États-Unis,Witness for the Prosecution,19 février 1958 (France),,Un avocat britannique chevronné doit défendre son client dans un procès pour meurtre qui ne cesse de surprendre.
Aliens : Le Retour,"8,4",66.0,James Cameron,"['Sigourney Weaver', 'Michael Biehn', 'Carrie Henn']",Royaume-Uni,"Langue
Anglais",8 octobre 1986 (France),"Sociétés de production
Twentieth Century FoxBrandywine ProductionsPinewood Studios","Ellen Ripley est sauvée par une équipe de sauvetage en profondeur après 57 ans de sommeil extrême. La lune visitée par le Nostromo a été colonisée, mais tout contact a été perdu. Cette fois, les marines coloniales ont une force de frappe impressionnante, mais cela suffira-t-il?"
American Beauty,"8,4",67.0,Sam Mendes,"['Kevin Spacey', 'Annette Bening', 'Thora Birch']",États-Unis,"Aussi connu sous le nom de
Vẻ Đẹp Mỹ",2 février 2000 (France),Jinks/Cohen Company,Un père de banlieue sexuellement frustré entre en pleine crise de la quarantaine après s'être épris de la meilleure amie de sa fille.
The Dark Knight Rises,"8,4",68.0,Christopher Nolan,"['Christian Bale', 'Tom Hardy', 'Anne Hathaway']",États-Unis,"Langues
AnglaisArabe",25 juillet 2012 (France),"Mehrangarh Fort, Jodhpur, Rajasthan, Inde","Huit ans après que Batman ait pris le blâme pour Harvey Dent, un nouveau terroriste dangereux, appelé Bane, fait son apparition. Le chevalier noir est forcé de reprendre son rôle de justicier."
Dr. Folamour ou : Comment j'ai appris à ne plus m'en faire et à aimer la bombe !,"8,4",69.0,Stanley Kubrick,"['Peter Sellers', 'George C. Scott', 'Sterling Hayden']",Royaume-Uni,Anglais,10 avril 1964 (France),"Société de production
Stanley Kubrick Productions",Un général insensé ouvre la voie à l'holocauste nucléaire qu'une salle de guerre remplie d'hommes politiques et de généraux tentent désespérément de s'arrêter.
Joker,"8,4",70.0,Todd Phillips,"['Joaquin Phoenix', 'Robert De Niro', 'Zazie Beetz']",États-Unis,"Langue
Anglais",9 octobre 2019 (France),"Sociétés de production
Warner Bros.Village Roadshow PicturesVillage Roadshow Pictures","Arthur Fleck, un comédien affligé par des troubles mentaux, se voit mis de côté par la société. S'amorce ensuite une descente aux enfers emplie de révoltes et de crime violents ce qui le confrontera à son alter ego, Le Joker."
Spider-Man: New Generation,"8,4",71.0,Bob Persichetti,"['Shameik Moore(voix)', 'Jake Johnson(voix)', 'Hailee Steinfeld(voix)']",États-Unis,Espagnol,12 décembre 2018 (France),Sony Pictures Entertainment (SPE),Spider-Man traverse des dimensions parallèles et fait équipe avec les Spider-Man de ces dimensions pour mettre fin à une menace pour toute l'humanité.
The Batman,"8,5",72.0,Matt Reeves,"['Robert Pattinson', 'Zoë Kravitz', 'Jeffrey Wright']",États-Unis,Anglais,2 mars 2022 (France),Warner Bros.,"Lorsque le Riddler, un tueur en série maniaque, commence à assassiner des personnalités politiques clés à Gotham, Batman est obligé d'enquêter sur la corruption cachée de la ville et de remettre en question l'implication de sa famille."
Old Boy,"8,4",73.0,Park Chan-wook,"['Choi Min-sik', 'Yoo Ji-Tae', 'Kang Hye-jeong']",Corée du Sud,"Aussi connu sous le nom de
Oldboy",29 septembre 2004 (France),Egg Films,"Après avoir été enlevé et emprisonné pendant quinze ans, Oh Dae-Su est relâché, seulement pour découvrir qu'il doit trouver son ravisseur en cinq jours."
Braveheart,"8,4",74.0,Mel Gibson,"['Mel Gibson', 'Sophie Marceau', 'Patrick McGoohan']",États-Unis,Anglais,4 octobre 1995 (France),Trái Tim Dũng Cảm,"Lorsque sa fiancée secrète est exécutée pour avoir agressé un soldat anglais ayant tenté de la violer, Sire William Wallace commence une révolte contre le roi Édouard Ier d'Angleterre."
Toy Story,"8,3",75.0,John Lasseter,"['Tom Hanks(voix)', 'Tim Allen(voix)', 'Don Rickles(voix)']",États-Unis,Anglais,27 mars 1996 (France),Voir plus de crédits d'entreprise sur IMDbPro,"Dans la chambre d'un petit garçon, un cowboy jaloux se sent profondément menacé quand le nouvel astronaute prend sa place de jouet favori."
Amadeus,"8,4",76.0,Milos Forman,"['F. Murray Abraham', 'Tom Hulce', 'Elizabeth Berridge']",États-Unis,Anglais,31 octobre 1984 (France),"Lieux de tournage
Barrandov Studios, Prague, République tchèque","La vie, les triomphes et les tourments de Wolfgang Amadeus Mozart, selon le point de vue du compositeur Antonio Salieri, contemporain de Mozart dont il était extrêmement jaloux et qu'il prétendit avoir assassiné."
Coco,"8,4",77.0,Lee Unkrich,"['Anthony Gonzalez(voix)', 'Gael García Bernal(voix)', 'Benjamin Bratt(voix)']",États-Unis,Anglais,29 novembre 2017 (France),"Sociétés de production
Walt Disney PicturesPixar Animation Studios","Miguel, musicien en herbe, entre au pays des morts pour retrouver son arrière-arrière-grand-père, un chanteur légendaire alors qu'il a interdiction de jouer de la musique."
Inglourious Basterds,"8,3",78.0,Quentin Tarantino,"['Brad Pitt', 'Diane Kruger', 'Eli Roth']",Allemagne,"Langues
AnglaisAllemandFrançaisItalien",19 août 2009 (France),Inglorious Bastards,"Dans la France occupée de la Seconde Guerre mondiale, un projet d'assassinat de dirigeants nazis par un groupe de soldats juifs américains coïncide avec les plans de vengeance de la propriétaire d'un cinéma."
Le Bateau,"8,4",79.0,Wolfgang Petersen,"['Jürgen Prochnow', 'Herbert Grönemeyer', 'Klaus Wennemann']",Allemagne de l'Ouest,"Aussi connu sous le nom de
Das Boot - The Director's Cut",17 février 1982 (France),Twin Bros. Productions,"L'univers claustrophobique d'un sous-marin de guerre allemand. Ennui, crasse et terreur pure."
Avengers: Endgame,"8,4",80.0,Anthony Russo,"['Robert Downey Jr.', 'Chris Evans', 'Mark Ruffalo']",États-Unis,Anglais,24 avril 2019 (France),"Lieux de tournage
Durham Cathedral, The College, Durham, County Durham, Angleterre, Royaume-Uni",L'intrigue n'a pas encore été révélée. Ce film sera le quatrième volet de la série «Avengers».
Princesse Mononoké,"8,4",81.0,Hayao Miyazaki,"['Yôji Matsuda(voix)', 'Yuriko Ishida(voix)', 'Yûko Tanaka(voix)']",Japon,"Aussi connu sous le nom de
Princess Mononoke",12 janvier 2000 (France),Voir plus de crédits d'entreprise sur IMDbPro,"En quête d'un remède contre la malédiction d'un Tatarigami, Ashitaka se retrouve plongé au coeur d'une guerre entre les dieux de la forêt et Tatara, une colonie minière. Dans cette quête, il fait la rencontre de San, la princesse Mononoke."
Il était une fois en Amérique,"8,4",82.0,Sergio Leone,"['Robert De Niro', 'James Woods', 'Elizabeth McGovern']",Italie,"Langues
AnglaisItalienFrançaisYiddishHébreu",23 mai 1984 (France),"Aussi connu sous le nom de
Once Upon a Time in America","Un ancien gangster juif de la période de la prohibition revient à Manhattan plus de trente ans plus tard, où il doit faire affronter les fantômes et les regrets de son passé."
Will Hunting,"8,3",83.0,Gus Van Sant,"['Robin Williams', 'Matt Damon', 'Ben Affleck']",États-Unis,Anglais,4 mars 1998 (France),Miramax,"Will Hunting, un employé de ménage à M.I.T., a un don pour les mathématiques, mais a besoin de l'aide d'un psychologue pour trouver sa voie."
Toy Story 3,"8,3",84.0,Lee Unkrich,"['Tom Hanks(voix)', 'Tim Allen(voix)', 'Joan Cusack(voix)']",États-Unis,Anglais,14 juillet 2010 (France),"Sociétés de production
Walt Disney PicturesPixar Animation Studios","Les jouets sont livrés par erreur à une garderie au lieu d'être remisés au grenier juste avant qu'Andy ne parte pour l'université, et c'est à Woody de convaincre les autres jouets qu'ils n'ont pas été abandonnés et de retourner à la maison."
Requiem for a Dream,"8,3",85.0,Darren Aronofsky,"['Ellen Burstyn', 'Jared Leto', 'Jennifer Connelly']",États-Unis,"Lieux de tournage
Coney Island, Brooklyn, Ville de New York, New York, États-Unis",21 mars 2001 (France),Voir plus de crédits d'entreprise sur IMDbPro,Les utopies par stupéfiants de quatre habitants de Coney Island sont brisées lorsque leurs addictions s'aggravent.
3 Idiots,"8,5",86.0,Rajkumar Hirani,"['Aamir Khan', 'Madhavan', 'Mona Singh']",Inde,Hindi,24 décembre 2009 (France),"Société de production
Vinod Chopra Productions","""Deux amis sont à la recherche de leur compagnon perdu depuis longtemps. Ils revisitent leurs années d'université et se souviennent des souvenirs de leur ami qui les a inspirés à penser différemment, même si le reste du monde les a traités d'""""idiots""""."""
Chantons sous la pluie,"8,3",87.0,Stanley Donen,"['Gene Kelly', ""Donald O'Connor"", 'Debbie Reynolds']",États-Unis,"Lieux de tournage
Metro-Goldwyn-Mayer Studios - 10202 W. Washington Blvd., Culver City, Californie, États-Unis",11 septembre 1953 (France),,Une companie de films meut et ses acteurs font la transistion vers les films 'sonores'
Your Name.,"8,4",88.0,Makoto Shinkai,"['Ryûnosuke Kamiki(voix)', 'Mone Kamishiraishi(voix)', 'Ryô Narita(voix)']",Japon,Japonais,28 décembre 2016 (France),East Japan Marketing & Communications Inc.,"Deux étrangers se retrouvent liés d'une étrange manière. Quand une connexion se forme entre eux, la distance sera-t-elle la seule chose qui les séparera?"
Le Retour du Jedi,"8,3",89.0,Richard Marquand,"['Mark Hamill', 'Harrison Ford', 'Carrie Fisher']",États-Unis,Anglais,19 octobre 1983 (France),Lucasfilm,"Après une mission risquée qui a permis de sauver Han Solo des mains de Jabba le Hutt, les rebelles se rendent à Endor pour détruire une nouvelle Etoile de la mort, encore plus puissante. Pendant ce temps, Luke se bat pour aider Dark Vador à sortir du côté obscur sans tomber dans le piège de l'Empereur."
Reservoir Dogs,"8,3",90.0,Quentin Tarantino,"['Harvey Keitel', 'Tim Roth', 'Michael Madsen']",États-Unis,Anglais,2 septembre 1992 (France),Live Entertainment,Un chef de la mafia réunit une équipe de six criminels expérimentés dans le but de réaliser un grand braquage de bijouterie.
Eternal Sunshine of the Spotless Mind,"8,3",91.0,Michel Gondry,"['Jim Carrey', 'Kate Winslet', 'Tom Wilkinson']",États-Unis,Anglais,6 octobre 2004 (France),Focus Features,"Lorsque leur relation se dégrade, un couple a recours à une procédure médicale pour effacer tout souvenir de leur relation."
2001 : L'Odyssée de l'espace,"8,3",92.0,Stanley Kubrick,"['Keir Dullea', 'Gary Lockwood', 'William Sylvester']",Royaume-Uni,Anglais,27 septembre 1968 (France),"Isle of Harris, Western Isles, Écosse, Royaume-Uni","De la nuit des temps à l'humanité atteignant les étoiles, 2001: L'odyssée de l'espace raconte l'histoire du Monolithe Noir, l'évolution de l'humanité et l'essor du superordinateur ultime HAL 9000 doté d'intelligence artificielle."
Citizen Kane,"8,3",93.0,Orson Welles,"['Orson Welles', 'Joseph Cotten', 'Dorothy Comingore']",États-Unis,Italien,3 juillet 1946 (France),RKO Radio Pictures,"Suite au décès d'un magnat de l'édition, des journalistes se démènent pour découvrir le sens de ses dernières paroles."
Entre le ciel et l'enfer,"8,4",94.0,Akira Kurosawa,"['Toshirô Mifune', 'Yutaka Sada', 'Tatsuya Nakadai']",Japon,"Lieux de tournage
Toho Studios, Tokyo, Japon",9 juin 1976 (France),,"À Yokohama, un malfaiteur kidnappe un enfant, qu'il prend pour le fils d'un industriel japonais. Il s'agit en fait du fils de son chauffeur. Le commissaire Tokura est chargé de l'affaire."
Lawrence d'Arabie,"8,3",95.0,David Lean,"[""Peter O'Toole"", 'Alec Guinness', 'Anthony Quinn']",Royaume-Uni,Arabe,15 mars 1963 (France),"Société de production
Horizon Pictures (II)","Sur fond d'intrigues géo-politiques cyniques, l'épopée inouïe et la quête pure de l'extraordinaire et si fragile lieutenant Lawrence - amoureux du désert, et chantre déçu de l'identité arabe. Un film somptueux qui nous emporte comme une vague, en musique. [255]"
M le maudit,"8,3",96.0,Fritz Lang,"['Peter Lorre', 'Ellen Widmann', 'Inge Landgut']",Allemagne,"Lieux de tournage
Staaken, Spandau, Berlin, Allemagne",8 avril 1932 (France),,"Lorsque la police d'une ville allemande ne parvient pas à attraper un enfant assassin, d'autres criminels se joignent à la chasse à l'homme."
Capharnaüm,"8,4",97.0,Nadine Labaki,"['Zain Al Rafeea', 'Yordanos Shiferaw', 'Boluwatife Treasure Bankole']",Liban,"Sites officiels
Official FacebookOfficial site",17 octobre 2018 (France),"Aussi connu sous le nom de
Capernaum","Alors qu'il purge une peine de cinq ans pour un crime violent, un garçon de 12 ans intente un procès contre ses parents pour négligence."
La mort aux trousses,"8,3",98.0,Alfred Hitchcock,"['Cary Grant', 'Eva Marie Saint', 'James Mason']",États-Unis,North by Northwest,21 octobre 1959 (France),,"Publicitaire infortuné de la ville de New York, il est pris pour un agent du gouvernement par un groupe d'espions étrangers et est poursuivi dans tout le pays alors qu'il cherche un moyen de survivre."
La chasse,"8,3",99.0,Thomas Vinterberg,"['Mads Mikkelsen', 'Thomas Bo Larsen', 'Annika Wedderkopp']",Danemark,"Langues
DanoisAnglaisPolonais",14 novembre 2012 (France),"Lieux de tournage
Høje Taastrup Church, Taastrup, Danemark","Un professeur mène une vie esseulé, alors qu'il se bat pour la garde de son fils. Sa vie s'améliore doucement quand il trouve l'amour et de bonnes nouvelle de son fils, mais sa nouvelle chance est sur le point d'être écrasée par un petit mensonge innocent."
Sueurs froides,"8,3",100.0,Alfred Hitchcock,"['James Stewart', 'Kim Novak', 'Barbara Bel Geddes']",États-Unis,"Aussi connu sous le nom de
Vertigo",12 décembre 1958 (France),Voir plus de crédits d'entreprise sur IMDbPro,Un ex-lieutenant de police jongle avec ses démons personnels et devient obsédé par une femme d'une beauté envoûtante.
